{
  "Total" : {
    "transaction" : "Total",
    "sampleCount" : 5757,
    "errorCount" : 0,
    "errorPct" : 0.0,
    "meanResTime" : 121.35000868507889,
    "medianResTime" : 3.0,
    "minResTime" : 1.0,
    "maxResTime" : 13495.0,
    "pct1ResTime" : 9.0,
    "pct2ResTime" : 60.099999999999454,
    "pct3ResTime" : 2221.26,
    "throughput" : 98.4775915155662,
    "receivedKBytesPerSec" : 16.170361545287374,
    "sentKBytesPerSec" : 27.273339275786864
  },
  "POST /register" : {
    "transaction" : "POST /register",
    "sampleCount" : 5757,
    "errorCount" : 0,
    "errorPct" : 0.0,
    "meanResTime" : 121.35000868507889,
    "medianResTime" : 3.0,
    "minResTime" : 1.0,
    "maxResTime" : 13495.0,
    "pct1ResTime" : 9.0,
    "pct2ResTime" : 60.099999999999454,
    "pct3ResTime" : 2221.26,
    "throughput" : 98.4775915155662,
    "receivedKBytesPerSec" : 16.170361545287374,
    "sentKBytesPerSec" : 27.273339275786864
  }
}